/m/03kxdw;/film/actor/film./film/performance/film;/m/016017;/m/016017;/film/film/starring./film/performance/actor;/m/03kxdw;;;;;;;;;;13.441651;5.8043523;1;88
/m/0ccd3x;/media_common/netflix_title/netflix_genres;/m/04t36;/m/0ccd3x;/film/film/genre;/m/04t36;/m/04t36;/film/film_genre/films_in_this_genre;/m/0ccd3x;/m/04t36;/media_common/netflix_genre/titles;/m/0ccd3x;/m/04z_x4v;/award/award_nominated_work/award_nominations./award/award_nomination/award_nominee;/m/0ccd3x;10.863449;7.1502547;1;2
/m/0fkh6;/location/hud_foreclosure_area/hhuniv./measurement_unit/dated_integer/source;/m/0jbk9;/m/0fkh6;/location/hud_foreclosure_area/estimated_number_of_mortgages./measurement_unit/dated_integer/source;/m/0jbk9;/m/0fkh6;/location/hud_foreclosure_area/total_residential_addresses./measurement_unit/dated_integer/source;/m/0jbk9;/m/0fkh6;/location/hud_foreclosure_area/total_90_day_vacant_residential_addresses./measurement_unit/dated_integer/source;/m/0jbk9;/m/059rby;/location/location/contains;/m/0fkh6;11.266776;11.133427;1;1
/m/047bynf;/film/film/language;/m/02h40lc;/m/07ssc;/media_common/netflix_genre/titles;/m/047bynf;/m/04jpl;/film/film_location/featured_in_films;/m/047bynf;/m/027dtxw;/award/award_category/nominees./award/award_nomination/nominated_for;/m/047bynf;/m/047bynf;/film/film/release_date_s./film/film_regional_release_date/film_release_distribution_medium;/m/029j_;11.052006;10.718396;1;1
/m/015_1q;/music/record_label/artist;/m/04dqdk;/m/015_1q;/music/record_label/artist;/m/01cwhp;/m/015_1q;/music/record_label/artist;/m/01wv9xn;/m/015_1q;/music/record_label/artist;/m/01vw917;/m/015_1q;/music/record_label/artist;/m/0ddkf;10.343135;10.954897;1;2
/m/085v7;/soccer/football_team/current_roster./sports/sports_team_roster/position;/m/02sdk9v;/m/085v7;/sports/sports_team/roster./soccer/football_roster_position/position;/m/02sdk9v;/m/085v7;/soccer/football_team/current_roster./soccer/football_roster_position/position;/m/02sdk9v;/m/02sdk9v;/sports/sports_position/players./sports/sports_team_roster/team;/m/085v7;/m/085v7;/soccer/football_team/current_roster./sports/sports_team_roster/position;/m/0dgrmp;8.691613;8.3584795;1;1
/m/01npw8;/business/business_operation/industry;/m/02jjt;/m/02jjt;/business/industry/companies;/m/01npw8;/m/01mxzw;/business/company_type/companies_of_this_type;/m/01npw8;;;;;;;13.052402;9.702761;1;10
/m/01s21dg;/award/award_nominee/award_nominations./award/award_nomination/award;/m/02sp_v;/m/02sp_v;/award/award_category/nominees./award/award_nomination/award_nominee;/m/01s21dg;/m/01s21dg;/award/award_nominee/award_nominations./award/award_nomination/award;/m/01by1l;;;;;;;9.357117;4.9219317;1;25
/m/076_74;/award/award_nominee/award_nominations./award/award_nomination/award;/m/02x17s4;/m/02x17s4;/award/award_category/nominees./award/award_nomination/award_nominee;/m/076_74;/m/076_74;/film/writer/film;/m/0dx8gj;/m/0dx8gj;/film/film/written_by;/m/076_74;/m/076_74;/award/award_nominee/award_nominations./award/award_nomination/award;/m/040njc;9.872986;7.5278215;1;2
/m/0411q;/award/award_nominee/award_nominations./award/award_nomination/award_nominee;/m/0pk41;/m/0411q;/award/award_winner/awards_won./award/award_honor/award_winner;/m/0pk41;/m/0pk41;/award/award_nominee/award_nominations./award/award_nomination/award_nominee;/m/0411q;/m/0411q;/people/person/profession;/m/09l65;/m/0248jb;/award/award_category/winners./award/award_honor/award_winner;/m/0411q;10.148591;6.3660316;1;2
/m/06c1y;/location/location/adjoin_s./location/adjoining_relationship/adjoins;/m/04w4s;/m/04w4s;/location/location/adjoin_s./location/adjoining_relationship/adjoins;/m/06c1y;/m/06c1y;/location/location/containedby;/m/09b69;/m/06c1y;/location/location/time_zones;/m/03plfd;/m/09b69;/location/location/contains;/m/06c1y;11.276863;5.7593246;1;26
/m/0325pb;/education/fraternity_sorority/colleges_and_universities;/m/0bx8pn;/m/0bx8pn;/education/university/fraternities_and_sororities;/m/0325pb;/m/0325pb;/education/fraternity_sorority/colleges_and_universities;/m/0m9_5;/m/0325pb;/education/fraternity_sorority/colleges_and_universities;/m/027ydt;/m/0325pb;/education/fraternity_sorority/colleges_and_universities;/m/0dzst;12.048045;10.651002;1;6
/m/03nnm4t;/award/award_ceremony/awards_presented./award/award_honor/award_winner;/m/0zcbl;/m/0zcbl;/award/award_winner/awards_won./award/award_honor/ceremony;/m/03nnm4t;;;;;;;;;;10.388401;6.8546066;1;54
/m/0209hj;/award/award_winning_work/awards_won./award/award_honor/award;/m/027986c;/m/027986c;/award/award_category/winners./award/award_honor/honored_for;/m/0209hj;/m/027b9j5;/award/award_category/winners./award/award_honor/honored_for;/m/0209hj;/m/0209hj;/award/award_winning_work/awards_won./award/award_honor/award;/m/019f4v;;;;8.852296;6.910681;1;12
/m/018ctl;/olympics/olympic_games/athletes./olympics/olympic_athlete_affiliation/country;/m/077qn;/m/018ctl;/olympics/olympic_games/participating_countries;/m/077qn;/m/077qn;/olympics/olympic_participating_country/athletes./olympics/olympic_athlete_affiliation/olympics;/m/018ctl;;;;;;;7.5250216;6.310598;1;9
/m/05zl0;/education/educational_institution/students_graduates./education/education/degree;/m/0bjrnt;/m/0bjrnt;/education/educational_degree/people_with_this_degree./education/education/institution;/m/05zl0;/m/0fdys;/education/field_of_study/students_majoring./education/education/institution;/m/05zl0;/m/02h40lc;/education/field_of_study/students_majoring./education/education/institution;/m/05zl0;/m/037mh8;/education/field_of_study/students_majoring./education/education/institution;/m/05zl0;9.170212;6.588263;1;4
/m/0hcs3;/baseball/baseball_player/former_teams./baseball/baseball_historical_roster_position/team;/m/07147;/m/07147;/baseball/baseball_team/historical_roster./sports/sports_team_roster/player;/m/0hcs3;/m/0hcs3;/sports/pro_athlete/teams./baseball/baseball_historical_roster_position/team;/m/07147;/m/0hcs3;/baseball/baseball_player/former_teams./sports/sports_team_roster/team;/m/07147;/m/07147;/sports/sports_team/roster./baseball/baseball_historical_roster_position/player;/m/0hcs3;12.84505;12.680489;1;1
/m/0fhxv;/people/person/gender;/m/05zppz;/m/01x6v6;/award/award_nominee/award_nominations./award/award_nomination/award_nominee;/m/0fhxv;/m/06by7;/music/genre/artists;/m/0fhxv;/m/07_jd;/base/eating/diets/people_who_follow_this_diet;/m/0fhxv;/m/05r5c;/music/performance_role/track_performances./music/track_contribution/contributor;/m/0fhxv;9.4216585;9.908537;1;1
/m/01mkn_d;/film/music_contributor/film;/m/026f__m;/m/026f__m;/film/film/music;/m/01mkn_d;/m/01mkn_d;/film/music_contributor/film;/m/02x3lt7;;;;;;;12.832481;5.736878;1;600
/m/088_kf;/soccer/football_team/current_roster./sports/sports_team_roster/position;/m/02_j1w;/m/088_kf;/sports/sports_team/roster./soccer/football_roster_position/position;/m/02_j1w;/m/088_kf;/soccer/football_team/current_roster./soccer/football_roster_position/position;/m/02_j1w;/m/02_j1w;/sports/sports_position/players./sports/sports_team_roster/team;/m/088_kf;/m/088_kf;/soccer/football_team/current_roster./sports/sports_team_roster/position;/m/02nzb8;9.673518;9.473337;1;2
/m/057176;/award/award_winner/awards_won./award/award_honor/award_winner;/m/018yj6;/m/018yj6;/award/award_winner/awards_won./award/award_honor/award_winner;/m/057176;/m/057176;/award/award_winner/awards_won./award/award_honor/award_winner;/m/020_95;/m/057176;/award/award_winner/awards_won./award/award_honor/award_winner;/m/01pcq3;/m/057176;/award/award_winner/awards_won./award/award_honor/award_winner;/m/0372kf;8.762792;7.9612994;1;4
/m/0mk59;/location/location/adjoin_s./location/adjoining_relationship/adjoins;/m/0mk7z;/m/0mk7z;/location/location/adjoin_s./location/adjoining_relationship/adjoins;/m/0mk59;/m/0mk59;/location/hud_foreclosure_area/hhuniv./measurement_unit/dated_integer/source;/m/0jbk9;/m/09c7w0;/location/location/contains;/m/0mk59;/m/0mk59;/location/location/adjoin_s./location/adjoining_relationship/adjoins;/m/0mk1z;12.658521;10.5379925;1;5
/m/02b153;/sports/sports_team/roster./soccer/football_roster_position/position;/m/02_j1w;/m/02b153;/sports/sports_team/roster./sports/sports_team_roster/position;/m/02_j1w;/m/02b153;/soccer/football_team/current_roster./sports/sports_team_roster/position;/m/02_j1w;/m/02b153;/sports/sports_team/roster./soccer/football_roster_position/position;/m/02sdk9v;/m/02b153;/sports/sports_team/roster./soccer/football_roster_position/position;/m/0dgrmp;8.368607;9.214922;1;3
/m/01j5x6;/tv/tv_actor/starring_roles./tv/regular_tv_appearance/series;/m/0fhzwl;/m/0fhzwl;/tv/tv_program/regular_cast./tv/regular_tv_appearance/actor;/m/01j5x6;/m/01j5x6;/award/award_nominee/award_nominations./award/award_nomination/nominated_for;/m/0fhzwl;/m/01j5x6;/award/award_nominee/award_nominations./award/award_nomination/award_nominee;/m/0382m4;/m/0ck27z;/award/award_category/nominees./award/award_nomination/award_nominee;/m/01j5x6;15.852535;12.842731;1;1
/m/05gg4;/american_football/football_team/historical_roster./american_football/football_historical_roster_position/position_s;/m/02g_7z;/m/05gg4;/sports/sports_team/roster./sports/sports_team_roster/position;/m/02g_7z;/m/02g_7z;/sports/sports_position/players./american_football/football_historical_roster_position/team;/m/05gg4;/m/02g_7z;/sports/sports_position/players./sports/sports_team_roster/team;/m/05gg4;/m/05gg4;/sports/sports_team/roster./american_football/football_historical_roster_position/position_s;/m/02g_7z;8.950129;7.364731;1;1
/m/07p12s;/film/film/starring./film/performance/actor;/m/027bs_2;/m/027bs_2;/film/actor/film./film/performance/film;/m/07p12s;;;;;;;;;;11.325297;5.891689;1;105
/m/0btpx;/base/popstra/celebrity/dated./base/popstra/dated/participant;/m/016sp_;/m/016sp_;/base/popstra/celebrity/dated./base/popstra/dated/participant;/m/0btpx;;;;;;;;;;10.203369;3.5985947;1;665
/m/03ckfl9;/music/genre/artists;/m/01qqwp9;/m/01qqwp9;/music/artist/genre;/m/03ckfl9;;;;;;;;;;10.015754;7.0867505;1;52
/m/05ztjjw;/award/award_category/nominees./award/award_nomination/nominated_for;/m/0bth54;/m/0bth54;/award/award_nominated_work/award_nominations./award/award_nomination/award;/m/05ztjjw;/m/05ztjjw;/award/award_category/nominees./award/award_nomination/nominated_for;/m/05p1tzf;/m/05ztjjw;/award/award_category/nominees./award/award_nomination/nominated_for;/m/02rv_dz;/m/05ztjjw;/award/award_category/nominees./award/award_nomination/nominated_for;/m/0dr_4;8.168847;6.503249;1;5
/m/01k98nm;/award/award_nominee/award_nominations./award/award_nomination/award;/m/054ks3;/m/054ks3;/award/award_category/nominees./award/award_nomination/award_nominee;/m/01k98nm;/m/054ks3;/award/award_category/winners./award/award_honor/award_winner;/m/01k98nm;/m/01k98nm;/award/award_winner/awards_won./award/award_honor/award;/m/054ks3;/m/01k98nm;/award/award_nominee/award_nominations./award/award_nomination/award;/m/01c92g;9.80384;6.9122386;1;3
/m/0cp6w;/base/popstra/location/vacationers./base/popstra/vacation_choice/vacationer;/m/0456xp;/m/0456xp;/base/popstra/celebrity/vacations_in./base/popstra/vacation_choice/location;/m/0cp6w;/m/0f8l9c;/location/country/administrative_divisions;/m/0cp6w;/m/0cp6w;/base/popstra/location/vacationers./base/popstra/vacation_choice/vacationer;/m/0261x8t;/m/0gct_;/people/deceased_person/place_of_death;/m/0cp6w;17.157595;8.651201;1;83
/m/02wk_43;/award/award_nominee/award_nominations./award/award_nomination/award_nominee;/m/02bvt;/m/02bvt;/award/award_nominee/award_nominations./award/award_nomination/award_nominee;/m/02wk_43;/m/02wk_43;/award/award_nominee/award_nominations./award/award_nomination/award_nominee;/m/03cws8h;/m/03wh8kl;/award/award_nominee/award_nominations./award/award_nomination/award_nominee;/m/02wk_43;/m/02wk_43;/award/award_winner/awards_won./award/award_honor/award_winner;/m/03cws8h;9.378141;7.894271;1;4
/m/0jm4v;/sports/sports_team/roster./basketball/basketball_roster_position/position;/m/02_ssl;/m/02_ssl;/basketball/basketball_position/player_roster_position./basketball/basketball_roster_position/team;/m/0jm4v;/m/02_ssl;/sports/sports_position/players./basketball/basketball_roster_position/team;/m/0jm4v;/m/0jm4v;/sports/sports_team/roster./basketball/basketball_roster_position/position;/m/02sf_r;/m/0jm4v;/sports/sports_team/roster./basketball/basketball_roster_position/position;/m/0355dz;10.341962;10.275446;1;3
/m/0184dt;/film/film_story_contributor/film_story_credits;/m/0bpm4yw;/m/0bpm4yw;/film/film/story_by;/m/0184dt;/m/0bpm4yw;/film/film/written_by;/m/0184dt;/m/0184dt;/film/producer/film;/m/0bpm4yw;/m/0184dt;/film/film_story_contributor/film_story_credits;/m/0btpm6;13.529563;12.097974;1;4
/m/0gsy3b;/film/film_genre/films_in_this_genre;/m/06fpsx;/m/06fpsx;/film/film/genre;/m/0gsy3b;/m/0gsy3b;/film/film_genre/films_in_this_genre;/m/0bvn25;/m/0gsy3b;/film/film_genre/films_in_this_genre;/m/0p7pw;;;;10.186478;6.5988965;1;33
/m/0sxlb;/film/film/distributors./film/film_film_distributor_relationship/distributor;/m/016tt2;/m/016tt2;/film/film_distributor/films_distributed./film/film_film_distributor_relationship/film;/m/0sxlb;/m/0sxlb;/film/film/country;/m/09c7w0;/m/0sxlb;/award/award_winning_work/awards_won./award/award_honor/award_winner;/m/09fb5;/m/0vgkd;/film/film_genre/films_in_this_genre;/m/0sxlb;11.26723;7.272835;1;3
/m/0c40vxk;/film/film/genre;/m/02kdv5l;/m/0c40vxk;/film/film/release_date_s./film/film_regional_release_date/film_release_region;/m/09c7w0;/m/0c40vxk;/film/film/starring./film/performance/actor;/m/0kjgl;/m/054lpb6;/film/production_company/films;/m/0c40vxk;/m/0c40vxk;/film/film/starring./film/performance/actor;/m/06lvlf;7.136499;6.4154606;1;2
/m/02b1l_;/sports/sports_team/roster./soccer/football_roster_position/player;/m/07zr66;/m/07zr66;/sports/pro_athlete/teams./soccer/football_roster_position/team;/m/02b1l_;/m/02b1l_;/soccer/football_team/current_roster./soccer/football_roster_position/player;/m/07zr66;/m/07zr66;/sports/pro_athlete/teams./sports/sports_team_roster/team;/m/02b1l_;/m/02b1l_;/sports/sports_team/roster./sports/sports_team_roster/player;/m/07zr66;15.367347;14.858428;1;1
/m/02c6d;/film/film/release_date_s./film/film_regional_release_date/film_release_region;/m/09c7w0;/m/02c6d;/film/film/release_date_s./film/film_regional_release_date/film_release_region;/m/0chghy;/m/02c6d;/film/film/release_date_s./film/film_regional_release_date/film_release_region;/m/05b4w;/m/02c6d;/film/film/release_date_s./film/film_regional_release_date/film_release_region;/m/0f8l9c;/m/02c6d;/film/film/release_date_s./film/film_regional_release_date/film_release_region;/m/0k6nt;6.9066997;6.8849807;1;1
/m/0dprg;/location/location/people_born_here;/m/020fgy;/m/020fgy;/people/person/places_lived./people/place_lived/location;/m/0dprg;/m/020fgy;/people/person/place_of_birth;/m/0dprg;/m/0c9d9;/music/artist/origin;/m/0dprg;;;;14.056007;7.303008;1;50
/m/0mw1j;/location/administrative_division/second_level_division_of;/m/09c7w0;/m/09c7w0;/location/country/second_level_divisions;/m/0mw1j;/m/0mw1j;/location/hud_foreclosure_area/hhuniv./measurement_unit/dated_integer/source;/m/0jbk9;/m/0mw1j;/location/hud_foreclosure_area/total_residential_addresses./measurement_unit/dated_integer/source;/m/0jbk9;/m/0mw1j;/location/hud_foreclosure_area/total_90_day_vacant_residential_addresses./measurement_unit/dated_integer/source;/m/0jbk9;12.597492;10.878906;1;1
/m/01kp66;/award/award_nominee/award_nominations./award/award_nomination/award;/m/09td7p;/m/09td7p;/award/award_category/nominees./award/award_nomination/award_nominee;/m/01kp66;/m/01kp66;/award/award_nominee/award_nominations./award/award_nomination/award_nominee;/m/03zz8b;/m/01kp66;/people/person/nationality;/m/09c7w0;/m/025t9b;/award/award_nominee/award_nominations./award/award_nomination/award_nominee;/m/01kp66;9.443926;7.253019;1;5
/m/0jsf6;/film/film/starring./film/performance/actor;/m/01_f_5;/m/01_f_5;/film/actor/film./film/performance/film;/m/0jsf6;/m/0jsf6;/film/film/featured_film_locations;/m/02_286;/m/02vyw;/award/award_nominee/award_nominations./award/award_nomination/nominated_for;/m/0jsf6;/m/0jsf6;/award/award_winning_work/awards_won./award/award_honor/award;/m/02rdyk7;11.863916;8.062957;1;12
/m/0cqh46;/award/award_category/nominees./award/award_nomination/award_nominee;/m/048lv;/m/048lv;/award/award_nominee/award_nominations./award/award_nomination/award;/m/0cqh46;/m/0cqh46;/award/award_category/nominees./award/award_nomination/award_nominee;/m/016ywr;/m/0cqh46;/award/award_category/nominees./award/award_nomination/nominated_for;/m/043mk4y;/m/0cqh46;/award/award_category/nominees./award/award_nomination/award_nominee;/m/01520h;9.702827;7.80317;1;7
/m/0215hd;/film/film_job/films_with_this_crew_job./film/film_crew_gig/film;/m/09lcsj;/m/09lcsj;/film/film/other_crew./film/film_crew_gig/film_crew_role;/m/0215hd;/m/0215hd;/film/film_job/films_with_this_crew_job./film/film_crew_gig/film;/m/07_k0c0;/m/0215hd;/film/film_job/films_with_this_crew_job./film/film_crew_gig/film;/m/01w8g3;/m/0215hd;/film/film_job/films_with_this_crew_job./film/film_crew_gig/film;/m/047vp1n;7.449161;6.264597;1;7
/m/0l6ny;/user/jg/default_domain/olympic_games/sports;/m/0d1tm;/m/0d1tm;/olympics/olympic_sport/olympic_games_contested;/m/0l6ny;/m/0l6ny;/olympics/olympic_games/sports;/m/0d1tm;/m/059j2;/olympics/olympic_participating_country/medals_won./olympics/olympic_medal_honor/olympics;/m/0l6ny;/m/0l6ny;/olympics/olympic_games/participating_countries;/m/07ssc;8.913479;7.848606;1;2
/m/0mgcr;/music/artist/genre;/m/0xhtw;/m/0xhtw;/music/genre/artists;/m/0mgcr;/m/0mgcr;/music/artist/genre;/m/05jg58;/m/0mgcr;/music/artist/genre;/m/05r6t;/m/0mgcr;/music/musical_group/member./music/group_membership/role;/m/028tv0;11.193633;8.601301;1;3
/m/0cjyzs;/award/award_category/nominees./award/award_nomination/award_nominee;/m/03wh8kl;/m/03wh8kl;/award/award_nominee/award_nominations./award/award_nomination/award;/m/0cjyzs;/m/0cjyzs;/award/award_category/nominees./award/award_nomination/award_nominee;/m/03wh8pq;/m/0cjyzs;/award/award_category/nominees./award/award_nomination/award_nominee;/m/03cws8h;/m/0cjyzs;/award/award_category/nominees./award/award_nomination/award_nominee;/m/02bvt;9.584657;8.4112425;1;3
/m/04m064;/award/award_winner/awards_won./award/award_honor/award_winner;/m/03fbb6;/m/03fbb6;/award/award_winner/awards_won./award/award_honor/award_winner;/m/04m064;/m/04m064;/award/award_winner/awards_won./award/award_honor/award_winner;/m/04wg38;/m/04m064;/award/award_winner/awards_won./award/award_honor/award_winner;/m/025j1t;/m/04m064;/award/award_winner/awards_won./award/award_honor/award_winner;/m/025n3p;9.149791;8.446992;1;5
/m/01d5g;/comic_books/comic_book_character/regular_featured_appearances;/m/01d5g;/m/01d5g;/comic_books/comic_book_series/featured_characters;/m/01d5g;/m/01d5g;/fictional_universe/fictional_character/ethnicity;/m/07hwkr;/m/01d5g;/film/film_character/portrayed_in_films./film/performance/film;/m/01hr1;/m/0170k0;/tv/tv_program/regular_cast./tv/regular_tv_appearance/character;/m/01d5g;7.5321946;6.6602974;1;2
/m/032clf;/film/film/gross_revenue./measurement_unit/dated_money_value/currency;/m/09nqf;/m/032clf;/film/film/release_date_s./film/film_regional_release_date/film_release_region;/m/03gj2;/m/032clf;/film/film/release_date_s./film/film_regional_release_date/film_release_region;/m/09c7w0;/m/08mbj5d;/common/annotation_category/annotations./common/webpage/topic;/m/032clf;/m/032clf;/common/topic/webpage./common/webpage/category;/m/08mbj5d;8.87538;8.674066;1;1
/m/018d6l;/music/artist/label;/m/01clyr;/m/01clyr;/music/record_label/artist;/m/018d6l;/m/018d6l;/common/topic/webpage./common/webpage/category;/m/08mbj5d;/m/018d6l;/music/artist/genre;/m/0dl5d;;;;12.457878;8.223317;1;6
/m/077g7n;/government/legislative_session/members./government/government_position_held/office_holder;/m/01lct6;/m/01lct6;/government/politician/government_positions_held./government/government_position_held/legislative_sessions;/m/077g7n;/m/070mff;/government/legislative_session/members./government/government_position_held/legislative_sessions;/m/077g7n;/m/077g7n;/government/legislative_session/members./government/government_position_held/governmental_body;/m/07t58;/m/077g7n;/government/legislative_session/members./government/government_position_held/district_represented;/m/04ykg;12.917194;10.020261;1;8
/m/0jmcv;/sports/sports_team/roster./sports/sports_team_roster/player;/m/02_nkp;/m/02_nkp;/sports/pro_athlete/teams./sports/sports_team_roster/team;/m/0jmcv;/m/02_nkp;/base/schemastaging/athlete_extra/salary./base/schemastaging/athlete_salary/team;/m/0jmcv;/m/02_nkp;/basketball/basketball_player/former_teams./sports/sports_team_roster/team;/m/0jmcv;/m/02_nkp;/basketball/basketball_player/former_teams./basketball/basketball_historical_roster_position/team;/m/0jmcv;15.054843;13.006083;1;1
/m/05k4my;/film/film/music;/m/02jxmr;/m/02jxmr;/film/music_contributor/film;/m/05k4my;/m/05k4my;/film/film/release_date_s./film/film_regional_release_date/film_release_region;/m/09c7w0;/m/05k4my;/film/film/starring./film/performance/actor;/m/0jrqq;/m/01hmnh;/film/film_genre/films_in_this_genre;/m/05k4my;14.302171;9.499268;1;2
/m/01rtm4;/organization/organization/headquarters./location/mailing_address/citytown;/m/0yb_4;/m/01rtm4;/location/location/containedby;/m/0yb_4;/m/0yb_4;/location/location/contains;/m/01rtm4;/m/01rtm4;/organization/organization/headquarters./location/mailing_address/state_province_region;/m/059rby;/m/01rtm4;/education/educational_institution/students_graduates./education/education/student;/m/01z_g6;12.822006;2.149651;1;1015
/m/015dcj;/people/person/spouse_s./people/marriage/type_of_union;/m/04ztj;/m/04ztj;/people/marriage_union_type/unions_of_this_type./people/marriage/spouse;/m/015dcj;/m/015dcj;/award/award_winner/awards_won./award/award_honor/award_winner;/m/029ql;/m/015dcj;/people/person/nationality;/m/09c7w0;/m/015dcj;/people/person/gender;/m/05zppz;13.391618;12.475494;1;1
/m/09stq9;/sports/sports_team/roster./sports/sports_team_roster/position;/m/0dgrmp;/m/09stq9;/soccer/football_team/current_roster./soccer/football_roster_position/position;/m/0dgrmp;/m/09stq9;/sports/sports_team/roster./soccer/football_roster_position/position;/m/0dgrmp;/m/09stq9;/soccer/football_team/current_roster./sports/sports_team_roster/position;/m/0dgrmp;/m/09stq9;/sports/sports_team/roster./sports/sports_team_roster/position;/m/02nzb8;9.449399;9.124393;1;2
/m/0dwr4;/music/performance_role/track_performances./music/track_contribution/role;/m/03gvt;/m/03gvt;/music/performance_role/track_performances./music/track_contribution/role;/m/0dwr4;/m/0dwr4;/music/performance_role/track_performances./music/track_contribution/role;/m/05r5c;;;;;;;7.948372;5.8557916;1;9
/m/03y82t6;/award/award_winner/awards_won./award/award_honor/award_winner;/m/02l840;/m/02l840;/award/award_nominee/award_nominations./award/award_nomination/award_nominee;/m/03y82t6;/m/03y82t6;/award/award_nominee/award_nominations./award/award_nomination/award_nominee;/m/02l840;/m/02l840;/award/award_winner/awards_won./award/award_honor/award_winner;/m/03y82t6;/m/03y82t6;/common/topic/webpage./common/webpage/category;/m/08mbj5d;9.469254;2.6277673;1;69
/m/0ws7;/american_football/football_team/historical_roster./american_football/football_historical_roster_position/position_s;/m/04nfpk;/m/04nfpk;/sports/sports_position/players./american_football/football_historical_roster_position/team;/m/0ws7;/m/0ws7;/sports/sports_team/roster./american_football/football_historical_roster_position/position_s;/m/04nfpk;/m/0ws7;/sports/sports_team/roster./sports/sports_team_roster/position;/m/04nfpk;/m/0ws7;/american_football/football_team/historical_roster./american_football/football_historical_roster_position/position_s;/m/02qpbqj;8.9024935;7.715168;1;2
/m/03qd_;/film/actor/film./film/performance/film;/m/0pdp8;/m/0pdp8;/film/film/starring./film/performance/actor;/m/03qd_;/m/0pdp8;/award/award_nominated_work/award_nominations./award/award_nomination/award_nominee;/m/03qd_;/m/03qd_;/award/award_nominee/award_nominations./award/award_nomination/nominated_for;/m/0pdp8;/m/03qd_;/film/actor/film./film/performance/film;/m/04g73n;12.115184;10.15813;1;2
/m/04pf4r;/people/person/place_of_birth;/m/01z8f0;/m/01z8f0;/location/location/people_born_here;/m/04pf4r;/m/04ztj;/people/marriage_union_type/unions_of_this_type./people/marriage/spouse;/m/04pf4r;/m/04pf4r;/people/person/spouse_s./people/marriage/type_of_union;/m/04ztj;/m/04pf4r;/people/person/nationality;/m/02jx1;13.77932;1.1801096;1;768
/m/05m883;/award/award_winner/awards_won./award/award_honor/ceremony;/m/050yyb;/m/050yyb;/award/award_ceremony/awards_presented./award/award_honor/award_winner;/m/05m883;/m/0gq9h;/award/award_category/nominees./award/award_nomination/award_nominee;/m/05m883;/m/05m883;/award/award_winner/awards_won./award/award_honor/award;/m/0gr4k;/m/05m883;/award/award_nominee/award_nominations./award/award_nomination/award;/m/0gq9h;11.613248;8.718633;1;1
/m/02kxbx3;/film/editor/film;/m/0b6tzs;/m/02kxbx3;/film/writer/film;/m/0b6tzs;/m/02kxbx3;/film/producer/film;/m/0b6tzs;/m/0b6tzs;/film/film/edited_by;/m/02kxbx3;/m/0b6tzs;/film/film/produced_by;/m/02kxbx3;14.552668;12.203545;1;1
/m/0ctwqs;/soccer/football_team/current_roster./soccer/football_roster_position/position;/m/02nzb8;/m/02nzb8;/sports/sports_position/players./soccer/football_roster_position/team;/m/0ctwqs;/m/02nzb8;/sports/sports_position/players./sports/sports_team_roster/team;/m/0ctwqs;/m/0ctwqs;/soccer/football_team/current_roster./sports/sports_team_roster/position;/m/02nzb8;/m/0ctwqs;/soccer/football_team/current_roster./soccer/football_roster_position/position;/m/02_j1w;9.305892;9.742931;1;2
/m/0dwvl;/music/performance_role/track_performances./music/track_contribution/role;/m/0dwtp;/m/0dwtp;/music/performance_role/track_performances./music/track_contribution/role;/m/0dwvl;;;;;;;;;;6.4411464;5.5987163;1;7
/m/028tv0;/music/performance_role/regular_performances./music/group_membership/group;/m/01dpts;/m/01dpts;/music/musical_group/member./music/group_membership/role;/m/028tv0;/m/0342h;/dataworld/gardening_hint/split_to;/m/028tv0;/m/028tv0;/music/performance_role/guest_performances./music/recording_contribution/performance_role;/m/02hnl;/m/028tv0;/music/performance_role/regular_performances./music/group_membership/group;/m/04rcr;9.246139;7.5481257;1;72
/m/09b3v;/media_common/netflix_genre/titles;/m/0k4d7;/m/0k4d7;/media_common/netflix_title/netflix_genres;/m/09b3v;/m/09b3v;/organization/organization/child./organization/organization_relationship/child;/m/04rcl7;/m/09b3v;/people/person/gender;/m/05zppz;/m/09b3v;/media_common/netflix_genre/titles;/m/039zft;10.079069;7.188398;1;10
/m/07r1h;/award/award_nominee/award_nominations./award/award_nomination/award_nominee;/m/01yb09;/m/01yb09;/award/award_nominee/award_nominations./award/award_nomination/award_nominee;/m/07r1h;/m/07r1h;/award/award_nominee/award_nominations./award/award_nomination/award_nominee;/m/02wgln;/m/07r1h;/award/award_nominee/award_nominations./award/award_nomination/award_nominee;/m/023kzp;/m/07r1h;/award/award_nominee/award_nominations./award/award_nomination/award_nominee;/m/04t7ts;8.0063505;5.110692;1;10
/m/02581q;/award/award_category/winners./award/award_honor/award_winner;/m/03xgm3;/m/02581q;/award/award_category/winners./award/award_honor/award_winner;/m/02cx90;/m/02581q;/award/award_category/winners./award/award_honor/award_winner;/m/02j3d4;/m/02581q;/award/award_category/winners./award/award_honor/award_winner;/m/01m15br;/m/02581q;/award/award_category/winners./award/award_honor/award_winner;/m/01l4zqz;11.8853;11.558705;1;4
/m/0cqgl9;/award/award_category/nominees./award/award_nomination/nominated_for;/m/0b6m5fy;/m/0b6m5fy;/award/award_nominated_work/award_nominations./award/award_nomination/award;/m/0cqgl9;/m/0b6m5fy;/award/award_winning_work/awards_won./award/award_honor/award;/m/0cqgl9;/m/0cqgl9;/award/award_category/nominees./award/award_nomination/nominated_for;/m/064r97z;/m/0cqgl9;/award/award_category/nominees./award/award_nomination/nominated_for;/m/0gmblvq;9.36801;5.8723288;1;16
/m/04r1t;/influence/influence_node/influenced;/m/0167xy;/m/0167xy;/influence/influence_node/influenced_by;/m/04r1t;/m/0xhtw;/music/genre/artists;/m/04r1t;/m/04r1t;/music/artist/genre;/m/0xhtw;/m/01vj9c;/music/performance_role/regular_performances./music/group_membership/group;/m/04r1t;14.159254;8.217808;1;1
/m/09v8db5;/award/award_category/nominees./award/award_nomination/nominated_for;/m/0233bn;/m/0233bn;/award/award_winning_work/awards_won./award/award_honor/award;/m/09v8db5;/m/09v8db5;/award/award_category/winners./award/award_honor/honored_for;/m/0233bn;/m/0432_5;/award/award_nominated_work/award_nominations./award/award_nomination/award;/m/09v8db5;/m/09v8db5;/award/award_category/nominees./award/award_nomination/nominated_for;/m/0432_5;9.123015;7.5206237;1;2
/m/03m6pk;/film/actor/film./film/performance/film;/m/03ydlnj;/m/03ydlnj;/film/film/starring./film/performance/actor;/m/03m6pk;/m/03m6pk;/film/actor/film./film/performance/film;/m/027m5wv;/m/03m6pk;/people/person/gender;/m/05zppz;/m/03m6pk;/film/actor/film./film/performance/film;/m/01cz7r;11.296393;4.077994;1;774
/m/027s39y;/film/film/story_by;/m/05_k56;/m/05_k56;/film/director/film;/m/027s39y;/m/05_k56;/award/award_winner/awards_won./award/award_honor/honored_for;/m/027s39y;/m/05_k56;/film/film_story_contributor/film_story_credits;/m/027s39y;/m/027s39y;/film/film/story_by;/m/05jcn8;13.721595;13.259833;1;2
/m/015t56;/film/actor/film./film/performance/film;/m/01q2nx;/m/01q2nx;/film/film/starring./film/performance/actor;/m/015t56;/m/015t56;/film/actor/film./film/performance/film;/m/0ndwt2w;/m/015t56;/people/person/profession;/m/02hrh1q;/m/015t56;/film/actor/film./film/performance/film;/m/0bz3jx;10.811009;4.652507;1;336
/m/0bhtzw;/sports/pro_athlete/teams./sports/sports_team_roster/position;/m/02_j1w;/m/02_j1w;/soccer/football_position/players;/m/0bhtzw;/m/02_j1w;/sports/sports_position/players./soccer/football_roster_position/player;/m/0bhtzw;/m/0bhtzw;/sports/pro_athlete/teams./soccer/football_roster_position/position;/m/02_j1w;/m/02_j1w;/sports/sports_position/players./sports/sports_team_roster/player;/m/0bhtzw;10.947308;5.1628046;1;5
/m/030vnj;/film/actor/film./film/performance/film;/m/01gkp1;/m/030vnj;/award/award_nominee/award_nominations./award/award_nomination/nominated_for;/m/01gkp1;/m/01gkp1;/film/film/starring./film/performance/actor;/m/030vnj;/m/01q_ph;/award/award_nominee/award_nominations./award/award_nomination/award_nominee;/m/030vnj;/m/030vnj;/celebrities/celebrity/celebrity_friends./celebrities/friendship/friend;/m/0mdqp;11.903671;9.502635;1;1
/m/09x3r;/olympics/olympic_games/athletes./olympics/olympic_athlete_affiliation/sport;/m/01sgl;/m/01sgl;/olympics/olympic_sport/athletes./olympics/olympic_athlete_affiliation/olympics;/m/09x3r;/m/09x3r;/olympics/olympic_games/participating_countries;/m/0chghy;/m/09x3r;/olympics/olympic_games/participating_countries;/m/07ssc;;;;10.76868;9.057353;1;1
/m/0fw4v;/location/statistical_region/rent50_1./measurement_unit/dated_money_value/currency;/m/09nqf;/m/0fw4v;/location/statistical_region/rent50_3./measurement_unit/dated_money_value/currency;/m/09nqf;/m/0fw4v;/location/statistical_region/rent50_2./measurement_unit/dated_money_value/currency;/m/09nqf;/m/0fw4v;/location/statistical_region/rent50_4./measurement_unit/dated_money_value/currency;/m/09nqf;/m/05r7t;/base/aareas/schema/administrative_area/administrative_children;/m/0fw4v;11.874804;10.374026;1;1
/m/04vq3h;/film/actor/film./film/performance/film;/m/0296rz;/m/0296rz;/film/film/starring./film/performance/actor;/m/04vq3h;/m/04vq3h;/film/actor/film./film/performance/film;/m/01jmyj;/m/01jmyj;/film/film/starring./film/performance/actor;/m/04vq3h;;;;11.280302;4.3400707;1;308
/m/01bzr4;/people/person/place_of_birth;/m/0dclg;/m/0dclg;/location/location/people_born_here;/m/01bzr4;;;;;;;;;;14.453826;7.5247393;1;10
/m/0d4fqn;/award/award_nominee/award_nominations./award/award_nomination/award_nominee;/m/03wh8kl;/m/03wh8kl;/award/award_nominee/award_nominations./award/award_nomination/award_nominee;/m/0d4fqn;/m/0d4fqn;/award/award_nominee/award_nominations./award/award_nomination/award_nominee;/m/03wh8pq;/m/0d4fqn;/award/award_nominee/award_nominations./award/award_nomination/award_nominee;/m/02bvt;/m/0d4fqn;/award/award_nominee/award_nominations./award/award_nomination/award_nominee;/m/02wk_43;10.469318;8.60278;1;3
/m/0nm9y;/location/hud_foreclosure_area/estimated_number_of_mortgages./measurement_unit/dated_integer/source;/m/0jbk9;/m/0nm9y;/location/hud_foreclosure_area/total_90_day_vacant_residential_addresses./measurement_unit/dated_integer/source;/m/0jbk9;/m/0nm9y;/location/hud_foreclosure_area/total_residential_addresses./measurement_unit/dated_integer/source;/m/0jbk9;/m/0nm9y;/location/hud_foreclosure_area/estimated_number_foreclosures./measurement_unit/dated_integer/source;/m/0jbk9;/m/0nm9y;/location/hud_foreclosure_area/hhuniv./measurement_unit/dated_integer/source;/m/0jbk9;12.676565;10.648883;1;1
/m/0164v;/organization/organization_member/member_of./organization/organization_membership/organization;/m/07t65;/m/07t65;/organization/membership_organization/members./organization/organization_membership/member;/m/0164v;/m/0164v;/olympics/olympic_participating_country/olympics_participated_in;/m/0kbws;/m/0164v;/olympics/olympic_participating_country/athletes./olympics/olympic_athlete_affiliation/sport;/m/0bynt;/m/06sks6;/olympics/olympic_games/athletes./olympics/olympic_athlete_affiliation/country;/m/0164v;11.196497;10.664555;1;1
/m/02x2gy0;/award/award_category/nominees./award/award_nomination/nominated_for;/m/0gmcwlb;/m/0gmcwlb;/award/award_nominated_work/award_nominations./award/award_nomination/award;/m/02x2gy0;/m/02x2gy0;/award/award_category/nominees./award/award_nomination/nominated_for;/m/0b76d_m;;;;;;;8.781521;5.981835;1;26
/m/07s6fsf;/education/educational_degree/people_with_this_degree./education/education/institution;/m/08qnnv;/m/08qnnv;/education/educational_institution/students_graduates./education/education/degree;/m/07s6fsf;/m/07s6fsf;/education/educational_degree/people_with_this_degree./education/education/institution;/m/0lyjf;;;;;;;9.872288;7.7423215;1;16
/m/01pr6q7;/film/music_contributor/film;/m/0glnm;/m/0glnm;/film/film/music;/m/01pr6q7;/m/01pr6q7;/film/music_contributor/film;/m/0gnjh;/m/0gnjh;/film/film/music;/m/01pr6q7;/m/01pr6q7;/film/music_contributor/film;/m/0htww;13.907595;11.962591;1;4
/m/03q43g;/influence/influence_node/influenced_by;/m/0p_47;/m/0p_47;/influence/influence_node/influenced;/m/03q43g;;;;;;;;;;12.981467;7.4209948;1;9
/m/02x73k6;/award/award_category/nominees./award/award_nomination/nominated_for;/m/03c_cxn;/m/03c_cxn;/award/award_nominated_work/award_nominations./award/award_nomination/award;/m/02x73k6;/m/02x73k6;/award/award_category/winners./award/award_honor/honored_for;/m/03c_cxn;/m/02x73k6;/award/award_category/nominees./award/award_nomination/nominated_for;/m/0jqp3;/m/02x73k6;/award/award_category/nominees./award/award_nomination/nominated_for;/m/0jzw;8.136427;6.2511115;1;4
/m/02qlg7s;/music/artist/genre;/m/03_d0;/m/03_d0;/music/genre/artists;/m/02qlg7s;/m/02qlg7s;/music/artist/genre;/m/06j6l;/m/02qlg7s;/music/artist/genre;/m/0g293;;;;9.674045;6.1264753;1;11
/m/02f8lw;/award/award_nominee/award_nominations./award/award_nomination/nominated_for;/m/08720;/m/08720;/award/award_nominated_work/award_nominations./award/award_nomination/award_nominee;/m/02f8lw;/m/08720;/film/film/starring./film/performance/actor;/m/02f8lw;/m/02f8lw;/film/actor/film./film/performance/film;/m/08720;/m/02g2yr;/award/award_category/nominees./award/award_nomination/award_nominee;/m/02f8lw;11.554907;3.0501738;1;151
/m/01cvtf;/tv/tv_program/genre;/m/0lsxr;/m/02fgmn;/tv/tv_genre/programs;/m/01cvtf;/m/01cvtf;/tv/tv_program/genre;/m/02fgmn;/m/01cvtf;/award/award_nominated_work/award_nominations./award/award_nomination/award_nominee;/m/07qcbw;/m/0ckd1;/tv/tv_producer_type/tv_producers_of_this_type./tv/tv_producer_term/program;/m/01cvtf;8.491845;8.5983305;1;2
/m/0bzm__;/award/award_ceremony/awards_presented./award/award_honor/award;/m/0gqz2;/m/0gqz2;/award/award_category/winners./award/award_honor/ceremony;/m/0bzm__;/m/0bzm__;/award/award_ceremony/awards_presented./award/award_honor/award_winner;/m/01r7pq;/m/0bzm__;/award/award_ceremony/awards_presented./award/award_honor/award_winner;/m/01v0fn1;/m/0bzm__;/award/award_ceremony/awards_presented./award/award_honor/award;/m/0gs9p;8.101181;7.5853386;1;2
/m/0b9dmk;/tv/tv_actor/starring_roles./tv/regular_tv_appearance/series;/m/02pqs8l;/m/02pqs8l;/tv/tv_program/regular_cast./tv/regular_tv_appearance/actor;/m/0b9dmk;/m/02pqs8l;/award/award_nominated_work/award_nominations./award/award_nomination/award_nominee;/m/0b9dmk;/m/02pqs8l;/award/award_winning_work/awards_won./award/award_honor/award_winner;/m/0b9dmk;/m/0ck27z;/award/award_category/nominees./award/award_nomination/award_nominee;/m/0b9dmk;13.7057;13.175167;1;1
/m/07kbp5;/sports/sports_team/roster./american_football/football_roster_position/position;/m/02qpbqj;/m/02qpbqj;/sports/sports_position/players./american_football/football_roster_position/team;/m/07kbp5;/m/07kbp5;/american_football/football_team/current_roster./sports/sports_team_roster/position;/m/02qpbqj;/m/07kbp5;/sports/sports_team/roster./american_football/football_roster_position/position;/m/01r3hr;/m/07kbp5;/sports/sports_team/roster./american_football/football_roster_position/position;/m/04nfpk;8.001534;6.901539;1;3
/m/01l1b90;/base/schemastaging/person_extra/net_worth./measurement_unit/dated_money_value/currency;/m/09nqf;/m/01l1b90;/people/person/nationality;/m/09c7w0;/m/04ztj;/people/marriage_union_type/unions_of_this_type./people/marriage/spouse;/m/01l1b90;/m/01l1b90;/music/artist/origin;/m/030qb3t;/m/01l1b90;/people/person/profession;/m/03gjzk;12.66063;10.874344;1;1
/m/02qk2d5;/sports/sports_team/championships;/m/0b_6_l;/m/0b_6_l;/sports/sports_championship_event/champion;/m/02qk2d5;;;;;;;;;;16.516481;11.564394;1;20
/m/0bxsk;/film/film/starring./film/performance/actor;/m/0bj9k;/m/0bj9k;/film/actor/film./film/performance/film;/m/0bxsk;;;;;;;;;;11.224874;5.460279;1;340
